config,pair,mesh_mm,pyroki_mm,tight_mm
home,rightbase_link|rightupper_arm_link,42.93599118898223,-128.84055078029633,-79.87231016159058
home,rightwrist_link|rightgripper_base,-4.847767603013188,-110.64895242452621,-70.29509544372559
home,rightlower_forearm_link|rightgripper_base,49.97948129705573,-39.71517086029053,-28.191901743412018
home,rightbase_link|rightlower_forearm_link,415.12703454654934,279.0968716144562,325.77282190322876
home,rightbase_link|rightwrist_link,486.19894267920756,349.25171732902527,401.2937545776367
home,rightbase_link|rightgripper_base,530.3006872963962,372.1040189266205,430.80735206604004
home,rightupper_arm_link|rightlower_forearm_link,180.1948940860811,155.51093220710754,138.1448209285736
home,rightgripper_base|leftgripper_base,186.25538962039124,30.640259385108948,110.15218496322632
home,rightright_finger_link|leftleft_finger_link,14.209421900263624,8.676320314407349,-34.010421484708786
home,rightleft_finger_link|leftright_finger_link,14.209446673434906,8.676350116729736,-34.03006121516228
home,rightright_finger_link|middlecamera_body,185.0861279676061,159.24577414989471,161.6620421409607
home,leftgripper_base|middlecamera_body,177.7682050450061,145.45708894729614,169.77034509181976
home,leftleft_finger_link|middlecamera_cover,210.58247284262353,137.14127242565155,183.7516576051712
home,rightbase_link|rightupper_forearm_link,339.6217668570723,121.18977308273315,222.88045287132263
self_fold_apex,rightbase_link|rightupper_arm_link,8.628168971530451,-158.4441512823105,-121.03855609893799
self_fold_apex,rightwrist_link|rightgripper_base,-4.84774880697334,-110.6489822268486,-70.29508054256439
self_fold_apex,rightlower_forearm_link|rightgripper_base,51.53618208471502,-42.09895431995392,-28.512760996818542
self_fold_apex,rightbase_link|rightlower_forearm_link,61.378816246589835,-156.87191486358643,-49.426570534706116
self_fold_apex,rightbase_link|rightwrist_link,83.84101765464378,-98.34055602550507,-10.311663150787354
self_fold_apex,rightbase_link|rightgripper_base,88.86717793868618,-79.22662794589996,-2.212837338447571
self_fold_apex,rightupper_arm_link|rightlower_forearm_link,-5.755094300124479,-124.5819479227066,-81.4209133386612
self_fold_apex,rightgripper_base|leftgripper_base,554.6953935424604,420.42312026023865,474.422812461853
self_fold_apex,rightright_finger_link|leftleft_finger_link,454.8744213372367,421.7595160007477,406.4441919326782
self_fold_apex,rightleft_finger_link|leftright_finger_link,454.7830345455749,421.6444790363312,406.42237663269043
self_fold_apex,rightright_finger_link|middlecamera_body,224.4445030159856,202.33601331710815,196.24736905097961
self_fold_apex,leftgripper_base|middlecamera_body,177.7682050450061,145.45708894729614,169.77034509181976
self_fold_apex,leftleft_finger_link|middlecamera_cover,210.58247284262353,137.14127242565155,183.7516576051712
self_fold_apex,rightbase_link|rightupper_forearm_link,64.33572265141169,-96.61908447742462,-68.07933002710342
arms_converge_apex,rightbase_link|rightupper_arm_link,43.18579310179661,-138.23625445365906,-87.98322081565857
arms_converge_apex,rightwrist_link|rightgripper_base,-4.846025823176087,-109.42620038986206,-69.88412141799927
arms_converge_apex,rightlower_forearm_link|rightgripper_base,48.854054669828976,-38.60125690698624,-27.70145982503891
arms_converge_apex,rightbase_link|rightlower_forearm_link,470.3645778145664,373.61493706703186,382.3186755180359
arms_converge_apex,rightbase_link|rightwrist_link,558.6339288424584,443.50168108940125,476.32235288619995
arms_converge_apex,rightbase_link|rightgripper_base,616.8807633990496,469.2419469356537,509.1509222984314
arms_converge_apex,rightupper_arm_link|rightlower_forearm_link,174.74973141393195,135.04117727279663,128.94360721111298
arms_converge_apex,rightgripper_base|leftgripper_base,-7.836730055827345,-106.64085298776627,-166.87141358852386
arms_converge_apex,rightright_finger_link|leftleft_finger_link,100.1483715760796,87.69579976797104,48.38360846042633
arms_converge_apex,rightleft_finger_link|leftright_finger_link,100.14833466230444,87.69574016332626,48.35199564695358
arms_converge_apex,rightright_finger_link|middlecamera_body,182.29294413844954,156.50583803653717,165.8478081226349
arms_converge_apex,leftgripper_base|middlecamera_body,169.2693918434383,131.83939456939697,155.14062345027924
arms_converge_apex,leftleft_finger_link|middlecamera_cover,223.15635519097418,153.97579967975616,202.11254060268402
arms_converge_apex,rightbase_link|rightupper_forearm_link,322.00382105376906,178.7939965724945,207.42669701576233
teleop_grasp_end,rightbase_link|rightupper_arm_link,45.22891144274329,-133.93452763557434,-84.13276076316833
teleop_grasp_end,rightwrist_link|rightgripper_base,-4.845313471814617,-92.46936440467834,-66.01372361183167
teleop_grasp_end,rightlower_forearm_link|rightgripper_base,45.73936982636206,-66.97068363428116,-30.517764389514923
teleop_grasp_end,rightbase_link|rightlower_forearm_link,208.799650263736,96.8463122844696,119.86280977725983
teleop_grasp_end,rightbase_link|rightwrist_link,187.64029388778582,128.1278133392334,111.27211153507233
teleop_grasp_end,rightbase_link|rightgripper_base,131.70985605940473,97.7938175201416,47.58681356906891
teleop_grasp_end,rightupper_arm_link|rightlower_forearm_link,169.40328187564026,72.49020040035248,77.1847516298294
teleop_grasp_end,rightgripper_base|leftgripper_base,250.0000638012499,226.7267405986786,91.29264950752258
teleop_grasp_end,rightright_finger_link|leftleft_finger_link,239.41443063494862,144.21424269676208,190.95781445503235
teleop_grasp_end,rightleft_finger_link|leftright_finger_link,506.32354445568006,405.7435691356659,462.2916877269745
teleop_grasp_end,rightright_finger_link|middlecamera_body,225.63596716837472,222.22846746444702,197.34257459640503
teleop_grasp_end,leftgripper_base|middlecamera_body,205.02101010952853,116.10297113656998,108.90167951583862
teleop_grasp_end,leftleft_finger_link|middlecamera_cover,222.06267954893792,185.0237399339676,185.9290897846222
teleop_grasp_end,rightbase_link|rightupper_forearm_link,225.40359010502948,48.11456799507141,121.9872534275055
parked_hands,rightbase_link|rightupper_arm_link,37.2589497417199,-128.08293104171753,-78.63085716962814
parked_hands,rightwrist_link|rightgripper_base,-4.847767519899603,-110.6489822268486,-70.29509544372559
parked_hands,rightlower_forearm_link|rightgripper_base,51.5301469468477,-42.08932816982269,-28.511516749858856
parked_hands,rightbase_link|rightlower_forearm_link,264.2838197466175,65.08868932723999,166.51146113872528
parked_hands,rightbase_link|rightwrist_link,298.3133722688277,127.41297483444214,207.27096498012543
parked_hands,rightbase_link|rightgripper_base,315.9799450474245,142.63075590133667,221.97626531124115
parked_hands,rightupper_arm_link|rightlower_forearm_link,162.1589520439839,53.69257926940918,68.38886439800262
parked_hands,rightgripper_base|leftgripper_base,586.2553619421482,430.640310049057,509.9372863769531
parked_hands,rightright_finger_link|leftleft_finger_link,414.2073326081907,407.52437710762024,365.9868538379669
parked_hands,rightleft_finger_link|leftright_finger_link,414.2073602496295,407.524436712265,365.9672737121582
parked_hands,rightright_finger_link|middlecamera_body,251.72127129417072,217.92155504226685,194.06026601791382
parked_hands,leftgripper_base|middlecamera_body,142.10236995749815,60.60370057821274,104.75596785545349
parked_hands,leftleft_finger_link|middlecamera_cover,112.47739508285771,75.64975321292877,62.137678265571594
parked_hands,rightbase_link|rightupper_forearm_link,252.5730135160708,-1.863420009613037,123.80340695381165
