form,margin,weight,trajectory,pos_p95_mm,pos_max_mm,clear_min_mm,viol_frac,dev_rms_mm,dev_max_mm,solve_ms_med,solve_ms_p95,solve_ms_max,iters_mean,nonconv
soft,0.015,10.0,bimanual_parallel,0.000126238073894449,0.0001961042423835841,17.083133697509766,0.0,0.0,0.0,4.5748135016765445,8.538254743325501,14.006544020958245,3.8261538461538462,0.0
soft,0.015,10.0,bimanual_tight,0.046862546988247045,0.047065413552913035,10.09421443939209,0.0,0.03702939674258232,0.0470452681183815,4.368030495243147,9.164495859295128,15.174455009400845,3.875384615384615,0.0
soft,0.015,10.0,bimanual_handoff,0.00011198796255404661,0.00017502221030316775,14.77194595336914,0.0,8.217622234951705e-05,0.00027929741190746427,4.349188006017357,11.71040000626817,14.857983973342925,4.015238095238095,0.0
soft,0.015,10.0,arms_converge,5.491325225714503,7.205854527157302,-28.203115463256836,0.6254545454545455,3.049687385559082,7.205882549285889,12.335973035078496,66.98601786629297,83.32218398572877,23.918181818181818,0.04727272727272727
soft,0.015,10.0,self_fold,41.894099750680475,42.38035730434037,17.08319091796875,0.0,0.03548534959554672,0.3483794629573822,5.551831040065736,62.629569630371364,76.39493298484012,22.345,0.043333333333333335
soft,0.015,10.0,teleop_grasp,47.725177221948556,51.747314874895146,16.90390968322754,0.0,0.03819359838962555,0.4944923520088196,5.5081379832699895,30.931379942921932,50.954629958141595,11.19,0.0
soft,0.015,30.0,bimanual_parallel,0.000126238073894449,0.0001961042423835841,17.083133697509766,0.0,0.0,0.0,4.446394537808374,8.910428764647794,14.302739989943802,3.8261538461538462,0.0
soft,0.015,30.0,bimanual_tight,0.2959393770039057,0.29612600052807697,10.589179039001465,0.0,0.23389078676700592,0.2961532473564148,4.385597509099171,9.43726255209185,14.910108991898596,4.0661538461538465,0.0
soft,0.015,30.0,bimanual_handoff,0.00011225035812402302,0.00015614689588213691,14.908615112304688,0.0,8.345057722181082e-05,0.00024073563690762967,4.349238995928317,10.874366178177297,17.715697991661727,4.013333333333334,0.0
soft,0.015,30.0,arms_converge,18.833920556180427,30.714626828462254,-13.730667114257812,0.6,12.304201126098633,30.71465301513672,10.078343999339268,67.78019214398228,113.0925309844315,25.54,0.0890909090909091
soft,0.015,30.0,self_fold,41.88955264908025,42.345850582851554,14.240428924560547,0.0,0.038538604974746704,0.28145089745521545,5.669684498570859,65.78455348208081,77.65912497416139,22.733333333333334,0.051666666666666666
soft,0.015,30.0,teleop_grasp,47.725177221948556,51.747314874895146,16.90390968322754,0.0,0.03819359838962555,0.4944923520088196,5.474125035107136,30.17825328279287,51.34022003039718,11.19,0.0
soft,0.015,100.0,bimanual_parallel,0.000126238073894449,0.0001961042423835841,17.083133697509766,0.0,0.0,0.0,4.544400988379493,8.617535297526015,14.036616019438952,3.8261538461538462,0.0
soft,0.015,100.0,bimanual_tight,0.9889625779295873,0.9901168966514567,11.970232963562012,0.0,0.7823699116706848,0.9901113510131836,4.494291497394443,9.32120110373944,13.989244995173067,4.130769230769231,0.0
soft,0.015,100.0,bimanual_handoff,0.00011482836199012809,0.00020147229871182533,14.952596664428711,0.0,8.511119085596874e-05,0.0002788747369777411,4.348594986367971,10.998361604288219,17.84936396870762,3.9961904761904763,0.0
soft,0.015,100.0,arms_converge,97.72521335791367,97.72634986160537,0.8083227872848511,0.0,60.981353759765625,97.72637176513672,27.888786513358355,49.225525546353296,68.5627399943769,30.612727272727273,0.0018181818181818182
soft,0.015,100.0,self_fold,41.88788475594896,42.3432817328821,15.552245140075684,0.0,0.032365832477808,0.27872371673583984,5.580390483373776,65.65562167670578,74.10418399376795,23.881666666666668,0.04833333333333333
soft,0.015,100.0,teleop_grasp,47.725177221948556,51.747314874895146,16.90390968322754,0.0,0.03819359838962555,0.4944923520088196,5.478542007040232,31.14856486790814,51.17063596844673,11.19,0.0
soft,0.015,300.0,bimanual_parallel,0.000126238073894449,0.0001961042423835841,17.083133697509766,0.0,0.0,0.0,4.440630000317469,8.396373424329795,14.17229400249198,3.8261538461538462,0.0
soft,0.015,300.0,bimanual_tight,1.6337420787956172,1.6342532646822066,13.25925064086914,0.0,1.293546199798584,1.6342625617980957,5.139431479619816,9.31751527241431,15.624844992998987,4.193846153846154,0.0
soft,0.015,300.0,bimanual_handoff,0.0001142664110576319,0.00016459019598824077,14.981285095214844,0.0,8.541002171114087e-05,0.0002420292148599401,4.430542001500726,10.954334214329718,13.185886957217008,3.96,0.0
soft,0.015,300.0,arms_converge,45.31261486938114,45.31352632972701,8.628424644470215,0.0,27.95252227783203,45.31351852416992,45.753969956422225,65.02327008056453,73.84770800126716,44.20545454545454,0.034545454545454546
soft,0.015,300.0,self_fold,41.88798366624919,42.36127043877243,15.243485450744629,0.0,0.032994892448186874,0.2751118838787079,5.600266478722915,67.0053296838887,76.47726900177076,24.386666666666667,0.08166666666666667
soft,0.015,300.0,teleop_grasp,47.725177221948556,51.747314874895146,16.90390968322754,0.0,0.03819359838962555,0.4944923520088196,5.481798492837697,30.36998301686254,50.98824400920421,11.19,0.0
soft,0.02,10.0,bimanual_parallel,0.00012291496543423517,0.00020077177712278854,19.528779983520508,0.0,9.482337918598205e-05,0.0002585254842415452,4.4438939657993615,9.091816190630198,13.816769002005458,3.86,0.0
soft,0.02,10.0,bimanual_tight,0.25480474898615046,0.2554961518826502,10.508697509765625,0.0,0.2017674446105957,0.2554832100868225,4.281158006051555,9.144835409824736,15.751986997202039,3.796923076923077,0.0
soft,0.02,10.0,bimanual_handoff,0.000111631125681993,0.00017078582867554996,19.53137969970703,0.0,8.672686089994386e-05,0.00028204164118506014,4.360641993116587,12.24011437734589,14.678076026029885,4.2457142857142856,0.0
soft,0.02,10.0,arms_converge,6.190292834818313,9.594152594900102,-27.621448516845703,0.6290909090909091,3.581251621246338,9.594117164611816,13.768436998361722,68.08161973312959,113.75456699170172,29.745454545454546,0.05272727272727273
soft,0.02,10.0,self_fold,41.88742275203352,42.35289154501325,16.291118621826172,0.0,0.03369554132223129,0.2760196328163147,5.635810521198437,63.47232002590315,72.40293500944972,23.105,0.035
soft,0.02,10.0,teleop_grasp,47.72536406870165,51.66366923574066,19.696298599243164,0.0,0.025193091481924057,0.42575207352638245,5.47324150102213,31.179253317532133,49.17692003073171,11.57,0.0
soft,0.02,30.0,bimanual_parallel,0.00012491328308079824,0.0001758125088127965,19.528764724731445,0.0,9.443880844628438e-05,0.00021862091671209782,4.430136003065854,9.071777103235943,15.782063943333924,3.8430769230769233,0.0
soft,0.02,30.0,bimanual_tight,1.143681333733595,1.1443536291407466,12.281548500061035,0.0,0.9063324928283691,1.1443328857421875,4.214217507978901,9.11743952310644,17.38931698491797,3.733846153846154,0.0
soft,0.02,30.0,bimanual_handoff,0.00010680897030674592,0.0001796860917827216,19.531383514404297,0.0,8.133598021231592e-05,0.00025561029906384647,4.342878994066268,11.559144221246232,14.980290026869625,4.213333333333333,0.0
soft,0.02,30.0,arms_converge,19.494943318767557,22.499881477827078,-10.532222747802734,0.30363636363636365,13.064998626708984,22.49983024597168,14.1933310078457,67.05929590680171,113.52602200349793,31.676363636363636,0.1
soft,0.02,30.0,self_fold,41.88902758477024,42.34452547973232,17.74855613708496,0.0,0.03173522651195526,0.2757180333137512,5.5983339552767575,63.87639598397072,73.37576005375013,22.303333333333335,0.03166666666666667
soft,0.02,30.0,teleop_grasp,47.725374201087895,51.747289565768206,19.696290969848633,0.0,0.026703542098402977,0.35609927773475647,5.595826514763758,30.512500906479552,75.83984901430085,11.86,0.0033333333333333335
soft,0.02,100.0,bimanual_parallel,0.00012610470494657942,0.00019875631522281605,19.528779983520508,0.0,9.32085094973445e-05,0.00023560803674627095,4.468362487386912,9.196499723475423,12.645204027649015,3.855384615384615,0.0
soft,0.02,100.0,bimanual_tight,2.5891312234753783,2.590862541416637,15.166808128356934,0.0,2.054152488708496,2.5908942222595215,4.184656019788235,9.2553298571147,13.643823971506208,3.5784615384615384,0.0
soft,0.02,100.0,bimanual_handoff,0.00010744646425259724,0.00015716969465727628,19.53137969970703,0.0,8.379777864320204e-05,0.0002345749962842092,4.361692001111805,10.861609014682472,14.558135997503996,4.203809523809523,0.0
soft,0.02,100.0,arms_converge,98.7609634460922,98.7609634460922,3.0690767765045166,0.0,62.081321716308594,98.76097869873047,4.147157509578392,47.24769929889588,68.40077298693359,11.370909090909091,0.00909090909090909
soft,0.02,100.0,self_fold,41.88707670712114,42.34384206340285,18.5212345123291,0.0,0.03298601508140564,0.28227800130844116,5.638531525619328,67.15901780407876,73.02541000535712,24.551666666666666,0.07666666666666666
soft,0.02,100.0,teleop_grasp,47.72537335225632,51.74729340619114,19.69637680053711,0.0,0.03557141497731209,0.4251292943954468,5.511163006303832,31.29159483942204,46.57126101665199,11.4,0.0
soft,0.02,300.0,bimanual_parallel,0.00012510222739399028,0.0002191336420346471,19.528827667236328,0.0,9.443275484954938e-05,0.00021900144929531962,4.384777013910934,9.139354180661027,14.602409966755658,3.903076923076923,0.0
soft,0.02,300.0,bimanual_tight,3.633911239212501,3.634768032195222,17.254661560058594,0.0,2.885531425476074,3.6347551345825195,4.173885507043451,9.538320975843794,17.32190395705402,3.6753846153846155,0.0
soft,0.02,300.0,bimanual_handoff,0.0001294081048163105,0.00021945179853642246,19.531417846679688,0.0,8.81807500263676e-05,0.00026666419580578804,4.345079010818154,10.632081574294714,14.304101001471281,4.241904761904762,0.0
soft,0.02,300.0,arms_converge,49.7632405552822,49.76481664755556,10.717253684997559,0.0,31.250261306762695,49.76483154296875,54.48434597929008,70.06458682881203,78.00837000831962,56.96363636363636,0.3709090909090909
soft,0.02,300.0,self_fold,41.886786798536946,42.34370342955349,18.471874237060547,0.0,0.04444181174039841,0.2841396629810333,5.612531007500365,67.82763430674095,90.50752804614604,25.475,0.10833333333333334
soft,0.02,300.0,teleop_grasp,47.72535087499039,51.66416347033725,19.696985244750977,0.0,0.029462847858667374,0.49526238441467285,5.524865526240319,32.05924836511259,60.552102979272604,11.566666666666666,0.0
soft,0.025,10.0,bimanual_parallel,0.00016316789695103475,0.0004485943594390985,19.528827667236328,0.0,0.00011049917520722374,0.0004377652076072991,4.598581523168832,8.129688483313656,16.10748702660203,3.903076923076923,0.0
soft,0.025,10.0,bimanual_tight,0.6080624510678536,0.6086969689720276,11.214334487915039,0.0,0.48237180709838867,0.6086911559104919,4.229879006743431,9.203412130591458,17.941057973075658,3.703076923076923,0.0
soft,0.025,10.0,bimanual_handoff,0.00021393357836977644,0.0004578362581874737,19.531375885009766,0.0,0.00011539537808857858,0.0004625402216333896,4.35467396164313,12.101260607596485,16.23375597409904,4.478095238095238,0.0
soft,0.025,10.0,arms_converge,7.376167307085027,12.501273910851614,-28.372272491455078,0.6290909090909091,4.2101922035217285,12.501275062561035,14.67521203448996,72.59502341039475,104.94655900401995,34.27818181818182,0.07636363636363637
soft,0.025,10.0,self_fold,41.88682643627757,42.3732344391158,17.73944854736328,0.0,0.03396765515208244,0.27975767850875854,5.5870364885777235,61.8721354403533,76.9128569518216,21.915,0.023333333333333334
soft,0.025,10.0,teleop_grasp,47.72538112930527,51.65500118054929,19.698936462402344,0.0,0.03933277353644371,0.4945663511753082,5.506112996954471,33.05814349732828,84.8011799971573,12.343333333333334,0.0033333333333333335
soft,0.025,30.0,bimanual_parallel,0.0011105481463024383,0.0035765802304637984,19.528825759887695,0.0,0.0005096505046822131,0.003553262911736965,4.386367014376447,8.8634851941606,13.99525604210794,3.916923076923077,0.0
soft,0.025,30.0,bimanual_tight,2.2274278862765984,2.228882988454781,14.446910858154297,0.0,1.7686197757720947,2.2288994789123535,4.143024008953944,9.129233963903971,17.10895000724122,3.624615384615385,0.0
soft,0.025,30.0,bimanual_handoff,0.0018267988758749452,0.0037064785686324654,19.53137969970703,0.0,0.0007046140381135046,0.0037094764411449432,4.367121960967779,11.251435417216271,15.121174976229668,4.300952380952381,0.0
soft,0.025,30.0,arms_converge,21.282261509525352,23.74484449612188,-10.753111839294434,0.2109090909090909,14.31187915802002,23.744842529296875,24.66247949632816,67.30609047808684,113.39487100485712,38.78181818181818,0.11818181818181818
soft,0.025,30.0,self_fold,41.89504089588461,42.34370395191677,18.419340133666992,0.0,0.05060805380344391,0.29170936346054077,5.57419951655902,66.38446299766656,72.41895102197304,23.438333333333333,0.06333333333333334
soft,0.025,30.0,teleop_grasp,47.72525278190914,51.74619174107909,19.721965789794922,0.0,0.03279964625835419,0.35613200068473816,5.471641517942771,29.94611517060548,84.2195880250074,11.663333333333334,0.006666666666666667
soft,0.025,100.0,bimanual_parallel,0.012451081131873638,0.03901556519741531,19.528831481933594,0.0,0.005596575327217579,0.03899367153644562,4.422291996888816,8.793164906091985,13.956577982753515,4.016923076923077,0.0
soft,0.025,100.0,bimanual_tight,4.342148528770436,4.343468839538641,18.671165466308594,0.0,3.4519259929656982,4.343471050262451,4.148025996983051,9.091892727883533,16.949291981291026,3.6784615384615384,0.0
soft,0.025,100.0,bimanual_handoff,0.023206982348066833,0.8580354367658135,18.54447364807129,0.0,0.06619066745042801,0.8580423593521118,4.360558988992125,11.679716187063605,69.47481795214117,5.335238095238095,0.0019047619047619048
soft,0.025,100.0,arms_converge,46.50387470784275,59.72335096544689,7.387682914733887,0.0,30.323833465576172,59.72333908081055,52.1449790103361,68.67367194790859,75.678008957766,55.85818181818182,0.2909090909090909
soft,0.025,100.0,self_fold,41.89937776584588,42.353041209100766,17.73189353942871,0.0,0.13542824983596802,0.564163863658905,5.720533023122698,66.95215564686805,95.40488896891475,24.628333333333334,0.08166666666666667
soft,0.025,100.0,teleop_grasp,47.72529278000498,51.74624810465849,20.31121063232422,0.0,0.0516015999019146,0.49614447355270386,5.4790185240563005,33.04543656122405,49.85387099441141,12.15,0.0
soft,0.025,300.0,bimanual_parallel,0.11093044776623771,0.3442598212154163,19.52882194519043,0.0,0.0499032698571682,0.3442409336566925,4.39061553333886,9.028890985064207,12.143418018240482,4.033846153846154,0.0
soft,0.025,300.0,bimanual_tight,5.702583195300278,5.702911020227215,19.52882194519043,0.0,4.537100791931152,5.702964782714844,4.169649473624304,9.081683150725437,15.983951045200229,3.6753846153846155,0.0
soft,0.025,300.0,bimanual_handoff,0.21071941762738222,1.6775287177212688,19.53217315673828,0.0,0.13967253267765045,1.6775181293487549,4.353337979409844,11.826879391446708,68.60376795521006,5.645714285714286,0.0019047619047619048
soft,0.025,300.0,arms_converge,54.21653492086692,54.33420894881254,13.927884101867676,0.0,34.26740646362305,54.334205627441406,61.26506096916273,72.05036435625516,133.58566199894994,59.843636363636364,0.3836363636363636
soft,0.025,300.0,self_fold,41.90109501144247,42.35978779889497,18.26036262512207,0.0,0.3042066693305969,1.3855210542678833,5.67540101474151,68.2094129064353,78.60545895528048,21.91,0.051666666666666666
soft,0.025,300.0,teleop_grasp,47.08309534933371,51.69754866577617,19.527482986450195,0.0,15.848947525024414,51.63010787963867,5.467657989356667,36.44562506233342,86.30820899270475,12.623333333333333,0.0033333333333333335
soft,0.03,10.0,bimanual_parallel,0.0010548954309884128,0.0028821958416910317,19.528827667236328,0.0,0.00050125498091802,0.0029069732408970594,4.365794971818104,7.9883932863594955,12.487579020671546,3.7246153846153844,0.0
soft,0.03,10.0,bimanual_tight,1.0644552116445094,1.064514816589154,12.12858772277832,0.0,0.845676064491272,1.064561367034912,8.897022489691153,13.063479636912232,18.753395997919142,8.2,0.0
soft,0.03,10.0,bimanual_handoff,0.0041833204708672965,0.08994216250273955,14.049522399902344,0.0,0.013731740415096283,0.08988488465547562,4.386343993246555,11.767086200416088,68.08698299573734,5.609523809523809,0.0019047619047619048
soft,0.03,10.0,arms_converge,8.691675386284373,15.471754584555736,-29.964622497558594,0.6290909090909091,4.905240535736084,15.471729278564453,19.772120023844764,76.64334988512564,107.72590001579374,40.46,0.12
soft,0.03,10.0,self_fold,41.88792443657027,42.34768874823058,18.42999839782715,0.0,0.04805425554513931,0.2935692071914673,6.80160999763757,64.74767416075338,80.6642830139026,23.905,0.03666666666666667
soft,0.03,10.0,teleop_grasp,47.72411348366601,51.74730867613177,19.71028709411621,0.0,0.0385013222694397,0.4261794984340668,5.499808001331985,30.481031758245084,85.76342603191733,11.41,0.006666666666666667
soft,0.03,30.0,bimanual_parallel,0.009857839066282197,0.025578897936788195,19.52883529663086,0.0,0.0044211349450051785,0.025601761415600777,4.2688420217018574,7.9128571873297915,11.057729949243367,3.6153846153846154,0.0
soft,0.03,30.0,bimanual_tight,3.439536393084826,3.4417914712853817,16.86977195739746,0.0,2.7352652549743652,3.4417858123779297,4.145558486925438,7.801122416276485,12.913096987176687,3.335384615384615,0.0
soft,0.03,30.0,bimanual_handoff,0.025560746064037555,0.405791238262321,17.334609985351562,0.0,0.033221982419490814,0.40578722953796387,4.383007995784283,20.146520575508468,70.94733195845038,6.114285714285714,0.0019047619047619048
soft,0.03,30.0,arms_converge,23.597808138267652,26.742252464877005,-9.662020683288574,0.12545454545454546,15.920419692993164,26.74225616455078,35.27389353257604,68.73035800817888,106.41573701286688,44.64181818181818,0.13818181818181818
soft,0.03,30.0,self_fold,41.89230934928234,42.35084669368641,18.225177764892578,0.0,0.11416052281856537,0.4092625081539154,7.80523000867106,63.98424834769683,71.4424760080874,24.175,0.03666666666666667
soft,0.03,30.0,teleop_grasp,47.72540690094381,51.66373731124939,19.90719223022461,0.0,0.030659258365631104,0.4256816506385803,5.4465695284307,32.89396093750838,82.965616020374,11.516666666666667,0.0033333333333333335
soft,0.03,100.0,bimanual_parallel,0.11049196041772541,0.2800130485599625,19.528806686401367,0.0,0.048322394490242004,0.2800334095954895,4.2565445182845,6.7546804959420115,14.51190299121663,3.5876923076923077,0.0
soft,0.03,100.0,bimanual_tight,6.157397209766074,6.158074879518615,19.528827667236328,0.0,4.902963638305664,6.1580095291137695,4.1422869835514575,7.322441678843446,47.691190033219755,3.4153846153846152,0.0
soft,0.03,100.0,bimanual_handoff,0.24837442341238078,1.184464551638882,19.53182029724121,0.0,0.1270376741886139,1.1844418048858643,4.307585011702031,36.230218759737895,70.79290196998045,8.65904761904762,0.0038095238095238095
soft,0.03,100.0,arms_converge,50.14084377109477,50.78112780687415,8.249591827392578,0.0,32.17483901977539,50.781089782714844,57.68650348181836,69.99192885996307,76.46071503404528,64.39272727272727,0.4254545454545455
soft,0.03,100.0,self_fold,41.91855274652002,42.395768684323,17.37459373474121,0.0,0.31848976016044617,1.6652872562408447,8.211627486161888,69.33217599871567,95.27829597936943,26.161666666666665,0.10333333333333333
soft,0.03,100.0,teleop_grasp,47.08305387426278,51.69750824214635,19.5274658203125,0.0,15.848701477050781,51.63433074951172,5.413835984654725,38.72841385309586,85.10111196665093,12.843333333333334,0.006666666666666667
soft,0.03,300.0,bimanual_parallel,0.9760681491214726,2.237020446801697,19.528854370117188,0.0,0.4035009443759918,2.2369961738586426,4.225632001180202,6.859037739923224,32.18169597676024,3.810769230769231,0.0
soft,0.03,300.0,bimanual_tight,7.836565960645378,7.838666441367799,19.528825759887695,0.0,6.250101089477539,7.8386383056640625,4.149996995693073,7.531228809966702,32.75436902185902,3.4461538461538463,0.0
soft,0.03,300.0,bimanual_handoff,1.2452639280525757,2.804864375052163,19.548830032348633,0.0,0.5554209351539612,2.8047878742218018,4.296211001928896,59.57010680576786,71.70887303072959,11.636190476190476,0.02095238095238095
soft,0.03,300.0,arms_converge,57.77948173924486,57.79029348907333,17.28716468811035,0.0,36.80773162841797,57.790287017822266,57.02765451860614,68.45726781757548,80.19727701321244,68.58909090909091,0.22545454545454546
soft,0.03,300.0,self_fold,42.98070782474977,43.42503366950326,20.544626235961914,0.0,1.0182507038116455,3.904947280883789,5.811369512230158,11.025756492745124,26.772279001306742,6.631666666666667,0.0
soft,0.03,300.0,teleop_grasp,47.08097772899617,51.751041133372794,19.527633666992188,0.0,15.798993110656738,51.576114654541016,5.157861509360373,33.88179276080337,62.266232969705015,11.86,0.0
soft,0.04,10.0,bimanual_parallel,0.009862685045652589,0.018186886955498048,19.528806686401367,0.0,0.0043931989930570126,0.018177859485149384,4.1937684873119,6.7212314053904265,69.43394499830902,3.6769230769230767,0.0
soft,0.04,10.0,bimanual_tight,2.2222237461150898,2.222290798643234,14.440383911132812,0.0,1.7689114809036255,2.22236704826355,27.734437520848587,36.418463347945355,73.09751800494269,27.83076923076923,0.0
soft,0.04,10.0,bimanual_handoff,0.03543988075966102,0.16724652267991996,16.15629768371582,0.0,0.020041875541210175,0.1672019511461258,4.256384971085936,22.504933399613943,68.39993200264871,7.232380952380953,0.0038095238095238095
soft,0.04,10.0,arms_converge,11.175347064411792,17.351637074461294,-29.062713623046875,0.6254545454545455,6.404963970184326,17.351655960083008,44.584570510778576,90.55328314716462,114.37842197483405,63.06363636363636,0.37636363636363634
soft,0.04,10.0,self_fold,41.892963019040955,42.37323456533399,18.195566177368164,0.0,0.14178113639354706,0.391724556684494,8.367774455109611,65.57275291997938,78.38874799199402,24.546666666666667,0.051666666666666666
soft,0.04,10.0,teleop_grasp,47.72477708281671,51.75070039834439,19.764039993286133,0.0,0.0548211894929409,0.49453240633010864,5.465448019094765,31.114720558980498,77.8692809981294,12.126666666666667,0.0033333333333333335
soft,0.04,30.0,bimanual_parallel,0.0903386439771242,0.16162979366816652,19.528779983520508,0.0,0.03900151699781418,0.16162477433681488,4.159555479418486,7.688191696070134,35.22608504863456,3.669230769230769,0.0
soft,0.04,30.0,bimanual_tight,6.051460785036123,6.051546105235349,19.528818130493164,0.0,4.824588775634766,6.0515851974487305,17.460528993979096,24.68162278237287,35.362309019546956,17.709230769230768,0.0
soft,0.04,30.0,bimanual_handoff,0.2924571782003166,0.7260774643891756,19.531679153442383,0.0,0.11652646213769913,0.7259947657585144,4.201733972877264,42.436394374817596,68.7484199879691,12.365714285714287,0.0019047619047619048
soft,0.04,30.0,arms_converge,27.03137410244777,30.43815160354395,-13.382823944091797,0.06727272727272728,18.617603302001953,30.438112258911133,46.371728501981124,73.70001458912155,104.76914304308593,64.62181818181818,0.17272727272727273
soft,0.04,30.0,self_fold,42.07925995903619,42.680999330606994,16.608524322509766,0.0,0.8953648209571838,2.1950368881225586,4.342789005022496,67.61298146448098,75.44268202036619,26.468333333333334,0.10333333333333333
soft,0.04,30.0,teleop_grasp,47.08249542015435,51.631181087608184,19.52747344970703,0.0,15.850955963134766,51.659603118896484,4.296744504244998,35.70203337876592,79.11691500339657,12.8,0.0033333333333333335
soft,0.04,100.0,bimanual_parallel,1.067210974658136,1.6201288909646,19.528839111328125,0.0,0.39078661799430847,1.6201131343841553,4.028921510325745,7.823421823559326,63.71263903565705,4.816923076923077,0.0
soft,0.04,100.0,bimanual_tight,9.937279588257114,9.943767180570894,19.528818130493164,0.0,7.933609962463379,9.943732261657715,4.1498770006001,10.116335155907905,77.909259009175,6.727692307692307,0.0015384615384615385
soft,0.04,100.0,bimanual_handoff,1.7587282665016981,2.3976718791821923,19.534725189208984,0.0,0.7061808705329895,2.397700309753418,3.0880600097589195,68.90644363593309,72.75547302560881,20.455238095238094,0.0838095238095238
soft,0.04,100.0,arms_converge,45.95213217611898,53.542431491287786,13.917352676391602,0.0,26.81006622314453,53.54242706298828,58.9439885225147,77.36739491811021,114.7923450334929,63.38909090909091,0.44545454545454544
soft,0.04,100.0,self_fold,43.01399032388662,43.4850851191706,22.76976776123047,0.0,3.181689977645874,7.983237266540527,4.289717500796542,48.71613485738634,59.97661902802065,20.23,0.0
soft,0.04,100.0,teleop_grasp,47.0772054472133,51.71501062442398,19.527666091918945,0.0,15.813360214233398,51.59939956665039,4.185200028587133,44.27955990831833,66.31260900758207,16.36,0.0
soft,0.04,300.0,bimanual_parallel,6.6066186881544215,11.204295239701489,21.75377655029297,0.0,3.0324177742004395,11.204322814941406,3.030133986612782,12.010335078230035,65.6412829994224,4.9,0.0
soft,0.04,300.0,bimanual_tight,12.287234906699304,12.327730422527077,21.75377655029297,0.0,10.143796920776367,12.327762603759766,4.1136074578389525,16.006308604846634,68.19898501271382,6.627692307692308,0.0015384615384615385
soft,0.04,300.0,bimanual_handoff,9.495330343493212,12.096165814537837,21.888721466064453,0.0,3.502800941467285,12.096150398254395,3.0278959893621504,68.49635640392079,75.4854700062424,19.878095238095238,0.0761904761904762
soft,0.04,300.0,arms_converge,63.103950149910034,63.50376360015575,24.22355842590332,0.0,41.610836029052734,63.503780364990234,66.50537700625136,71.53341375815216,90.9643629565835,83.11818181818182,0.5018181818181818
soft,0.04,300.0,self_fold,48.18186422771455,48.66566459316976,27.186203002929688,0.0,6.071048259735107,13.519899368286133,3.0410895124077797,47.54182254255282,67.582115996629,10.668333333333333,0.0016666666666666668
soft,0.04,300.0,teleop_grasp,47.05493212285922,51.685668314789986,19.53853988647461,0.0,15.655376434326172,51.49121856689453,4.14327101316303,44.55306635354647,82.15340500464663,16.36,0.016666666666666666
al,0.01,,bimanual_parallel,0.000126238073894449,0.0001961042423835841,17.083133697509766,0.0,0.0,0.0,4.53925650799647,8.662284948513827,14.64214496081695,3.8261538461538462,0.0
al,0.01,,bimanual_tight,0.00011986506222084553,0.00018930300322751536,9.98831558227539,0.0,8.76279009389691e-05,0.00022351741790771484,5.42157149175182,9.09906894376035,15.056358999572694,3.9661538461538464,0.0
al,0.01,,bimanual_handoff,0.00011253237309881637,0.00018447098668422147,9.925186157226562,0.0,8.657418220536783e-05,0.0002806852280627936,4.4714389950968325,10.759439819958061,14.836733986157924,3.834285714285714,0.0
al,0.01,,arms_converge,18.84427834113977,26.350026389545462,-27.863311767578125,0.49454545454545457,11.355292320251465,26.350040435791016,67.08599103149027,77.66348983859643,103.22370298672467,68.79454545454546,0.6436363636363637
al,0.01,,self_fold,41.88836130186568,42.363974467603896,17.08319091796875,0.0,0.0320102721452713,0.27725863456726074,5.736495513701811,62.90845313633325,75.39280102355406,22.72,0.045
al,0.01,,teleop_grasp,47.725376516038956,51.65445971644984,16.90390968322754,0.0,0.0507490411400795,0.4952799081802368,5.591510504018515,30.112824460957217,48.57198701938614,11.57,0.0
al,0.025,,bimanual_parallel,6.023252724599854,9.215142006821786,19.52887725830078,0.0,2.0602293014526367,9.21512222290039,5.472686985740438,78.76980197033845,88.15462002530694,29.498461538461537,0.2569230769230769
al,0.025,,bimanual_tight,6.093832698950051,9.215142006821786,19.52889633178711,0.0,4.795949459075928,9.21512222290039,68.32715347991325,77.08119639428331,90.48578701913357,81.21230769230769,0.7953846153846154
al,0.025,,bimanual_handoff,4.276750389468016,7.537832801788411,19.529640197753906,0.0,1.6473230123519897,7.537783145904541,4.511334002017975,74.28993078647181,91.03406697977334,20.03238095238095,0.16
al,0.025,,arms_converge,26.111035289116433,41.39392360553787,-28.26506996154785,0.22363636363636363,15.479408264160156,41.39390182495117,67.54355898010544,86.09127574018203,108.66150096990168,71.42,0.6690909090909091
al,0.025,,self_fold,41.90743668121972,42.386978250135286,17.63644027709961,0.0,0.6107828617095947,4.10190486907959,5.786934023490176,72.07192494824993,80.35708300303668,29.691666666666666,0.25666666666666665
al,0.025,,teleop_grasp,47.72537982726975,51.74736341824079,23.32375144958496,0.0,1.990696907043457,10.059897422790527,42.02951648039743,92.54637886770071,101.4435330289416,58.32,0.44333333333333336
